[{"model": "auth.permission", "pk": 1, "fields": {"name": "Can add log entry", "content_type": 1, "codename": "add_logentry"}}, {"model": "auth.permission", "pk": 2, "fields": {"name": "Can change log entry", "content_type": 1, "codename": "change_logentry"}}, {"model": "auth.permission", "pk": 3, "fields": {"name": "Can delete log entry", "content_type": 1, "codename": "delete_logentry"}}, {"model": "auth.permission", "pk": 4, "fields": {"name": "Can view log entry", "content_type": 1, "codename": "view_logentry"}}, {"model": "auth.permission", "pk": 5, "fields": {"name": "Can add permission", "content_type": 2, "codename": "add_permission"}}, {"model": "auth.permission", "pk": 6, "fields": {"name": "Can change permission", "content_type": 2, "codename": "change_permission"}}, {"model": "auth.permission", "pk": 7, "fields": {"name": "Can delete permission", "content_type": 2, "codename": "delete_permission"}}, {"model": "auth.permission", "pk": 8, "fields": {"name": "Can view permission", "content_type": 2, "codename": "view_permission"}}, {"model": "auth.permission", "pk": 9, "fields": {"name": "Can add group", "content_type": 3, "codename": "add_group"}}, {"model": "auth.permission", "pk": 10, "fields": {"name": "Can change group", "content_type": 3, "codename": "change_group"}}, {"model": "auth.permission", "pk": 11, "fields": {"name": "Can delete group", "content_type": 3, "codename": "delete_group"}}, {"model": "auth.permission", "pk": 12, "fields": {"name": "Can view group", "content_type": 3, "codename": "view_group"}}, {"model": "auth.permission", "pk": 13, "fields": {"name": "Can add user", "content_type": 4, "codename": "add_user"}}, {"model": "auth.permission", "pk": 14, "fields": {"name": "Can change user", "content_type": 4, "codename": "change_user"}}, {"model": "auth.permission", "pk": 15, "fields": {"name": "Can delete user", "content_type": 4, "codename": "delete_user"}}, {"model": "auth.permission", "pk": 16, "fields": {"name": "Can view user", "content_type": 4, "codename": "view_user"}}, {"model": "auth.permission", "pk": 17, "fields": {"name": "Can add content type", "content_type": 5, "codename": "add_contenttype"}}, {"model": "auth.permission", "pk": 18, "fields": {"name": "Can change content type", "content_type": 5, "codename": "change_contenttype"}}, {"model": "auth.permission", "pk": 19, "fields": {"name": "Can delete content type", "content_type": 5, "codename": "delete_contenttype"}}, {"model": "auth.permission", "pk": 20, "fields": {"name": "Can view content type", "content_type": 5, "codename": "view_contenttype"}}, {"model": "auth.permission", "pk": 21, "fields": {"name": "Can add session", "content_type": 6, "codename": "add_session"}}, {"model": "auth.permission", "pk": 22, "fields": {"name": "Can change session", "content_type": 6, "codename": "change_session"}}, {"model": "auth.permission", "pk": 23, "fields": {"name": "Can delete session", "content_type": 6, "codename": "delete_session"}}, {"model": "auth.permission", "pk": 24, "fields": {"name": "Can view session", "content_type": 6, "codename": "view_session"}}, {"model": "auth.permission", "pk": 25, "fields": {"name": "Can add deck", "content_type": 7, "codename": "add_deck"}}, {"model": "auth.permission", "pk": 26, "fields": {"name": "Can change deck", "content_type": 7, "codename": "change_deck"}}, {"model": "auth.permission", "pk": 27, "fields": {"name": "Can delete deck", "content_type": 7, "codename": "delete_deck"}}, {"model": "auth.permission", "pk": 28, "fields": {"name": "Can view deck", "content_type": 7, "codename": "view_deck"}}, {"model": "auth.permission", "pk": 29, "fields": {"name": "Can add financial projection", "content_type": 8, "codename": "add_financialprojection"}}, {"model": "auth.permission", "pk": 30, "fields": {"name": "Can change financial projection", "content_type": 8, "codename": "change_financialprojection"}}, {"model": "auth.permission", "pk": 31, "fields": {"name": "Can delete financial projection", "content_type": 8, "codename": "delete_financialprojection"}}, {"model": "auth.permission", "pk": 32, "fields": {"name": "Can view financial projection", "content_type": 8, "codename": "view_financialprojection"}}, {"model": "auth.permission", "pk": 33, "fields": {"name": "Can add funding ask", "content_type": 9, "codename": "add_fundingask"}}, {"model": "auth.permission", "pk": 34, "fields": {"name": "Can change funding ask", "content_type": 9, "codename": "change_fundingask"}}, {"model": "auth.permission", "pk": 35, "fields": {"name": "Can delete funding ask", "content_type": 9, "codename": "delete_fundingask"}}, {"model": "auth.permission", "pk": 36, "fields": {"name": "Can view funding ask", "content_type": 9, "codename": "view_fundingask"}}, {"model": "auth.permission", "pk": 37, "fields": {"name": "Can add market analysis", "content_type": 10, "codename": "add_marketanalysis"}}, {"model": "auth.permission", "pk": 38, "fields": {"name": "Can change market analysis", "content_type": 10, "codename": "change_marketanalysis"}}, {"model": "auth.permission", "pk": 39, "fields": {"name": "Can delete market analysis", "content_type": 10, "codename": "delete_marketanalysis"}}, {"model": "auth.permission", "pk": 40, "fields": {"name": "Can view market analysis", "content_type": 10, "codename": "view_marketanalysis"}}, {"model": "auth.permission", "pk": 41, "fields": {"name": "Can add problem", "content_type": 11, "codename": "add_problem"}}, {"model": "auth.permission", "pk": 42, "fields": {"name": "Can change problem", "content_type": 11, "codename": "change_problem"}}, {"model": "auth.permission", "pk": 43, "fields": {"name": "Can delete problem", "content_type": 11, "codename": "delete_problem"}}, {"model": "auth.permission", "pk": 44, "fields": {"name": "Can view problem", "content_type": 11, "codename": "view_problem"}}, {"model": "auth.permission", "pk": 45, "fields": {"name": "Can add solution", "content_type": 12, "codename": "add_solution"}}, {"model": "auth.permission", "pk": 46, "fields": {"name": "Can change solution", "content_type": 12, "codename": "change_solution"}}, {"model": "auth.permission", "pk": 47, "fields": {"name": "Can delete solution", "content_type": 12, "codename": "delete_solution"}}, {"model": "auth.permission", "pk": 48, "fields": {"name": "Can view solution", "content_type": 12, "codename": "view_solution"}}, {"model": "auth.permission", "pk": 49, "fields": {"name": "Can add startup", "content_type": 13, "codename": "add_startup"}}, {"model": "auth.permission", "pk": 50, "fields": {"name": "Can change startup", "content_type": 13, "codename": "change_startup"}}, {"model": "auth.permission", "pk": 51, "fields": {"name": "Can delete startup", "content_type": 13, "codename": "delete_startup"}}, {"model": "auth.permission", "pk": 52, "fields": {"name": "Can view startup", "content_type": 13, "codename": "view_startup"}}, {"model": "auth.permission", "pk": 53, "fields": {"name": "Can add comparison set", "content_type": 14, "codename": "add_comparisonset"}}, {"model": "auth.permission", "pk": 54, "fields": {"name": "Can change comparison set", "content_type": 14, "codename": "change_comparisonset"}}, {"model": "auth.permission", "pk": 55, "fields": {"name": "Can delete comparison set", "content_type": 14, "codename": "delete_comparisonset"}}, {"model": "auth.permission", "pk": 56, "fields": {"name": "Can view comparison set", "content_type": 14, "codename": "view_comparisonset"}}, {"model": "auth.permission", "pk": 57, "fields": {"name": "Can add startup comparison", "content_type": 15, "codename": "add_startupcomparison"}}, {"model": "auth.permission", "pk": 58, "fields": {"name": "Can change startup comparison", "content_type": 15, "codename": "change_startupcomparison"}}, {"model": "auth.permission", "pk": 59, "fields": {"name": "Can delete startup comparison", "content_type": 15, "codename": "delete_startupcomparison"}}, {"model": "auth.permission", "pk": 60, "fields": {"name": "Can view startup comparison", "content_type": 15, "codename": "view_startupcomparison"}}, {"model": "auth.permission", "pk": 61, "fields": {"name": "Can add startup view", "content_type": 16, "codename": "add_startupview"}}, {"model": "auth.permission", "pk": 62, "fields": {"name": "Can change startup view", "content_type": 16, "codename": "change_startupview"}}, {"model": "auth.permission", "pk": 63, "fields": {"name": "Can delete startup view", "content_type": 16, "codename": "delete_startupview"}}, {"model": "auth.permission", "pk": 64, "fields": {"name": "Can view startup view", "content_type": 16, "codename": "view_startupview"}}, {"model": "auth.permission", "pk": 65, "fields": {"name": "Can add team member", "content_type": 17, "codename": "add_teammember"}}, {"model": "auth.permission", "pk": 66, "fields": {"name": "Can change team member", "content_type": 17, "codename": "change_teammember"}}, {"model": "auth.permission", "pk": 67, "fields": {"name": "Can delete team member", "content_type": 17, "codename": "delete_teammember"}}, {"model": "auth.permission", "pk": 68, "fields": {"name": "Can view team member", "content_type": 17, "codename": "view_teammember"}}, {"model": "auth.permission", "pk": 69, "fields": {"name": "Can add download", "content_type": 18, "codename": "add_download"}}, {"model": "auth.permission", "pk": 70, "fields": {"name": "Can change download", "content_type": 18, "codename": "change_download"}}, {"model": "auth.permission", "pk": 71, "fields": {"name": "Can delete download", "content_type": 18, "codename": "delete_download"}}, {"model": "auth.permission", "pk": 72, "fields": {"name": "Can view download", "content_type": 18, "codename": "view_download"}}, {"model": "auth.permission", "pk": 73, "fields": {"name": "Can add watchlist", "content_type": 19, "codename": "add_watchlist"}}, {"model": "auth.permission", "pk": 74, "fields": {"name": "Can change watchlist", "content_type": 19, "codename": "change_watchlist"}}, {"model": "auth.permission", "pk": 75, "fields": {"name": "Can delete watchlist", "content_type": 19, "codename": "delete_watchlist"}}, {"model": "auth.permission", "pk": 76, "fields": {"name": "Can view watchlist", "content_type": 19, "codename": "view_watchlist"}}, {"model": "auth.permission", "pk": 77, "fields": {"name": "Can add registered user", "content_type": 20, "codename": "add_registereduser"}}, {"model": "auth.permission", "pk": 78, "fields": {"name": "Can change registered user", "content_type": 20, "codename": "change_registereduser"}}, {"model": "auth.permission", "pk": 79, "fields": {"name": "Can delete registered user", "content_type": 20, "codename": "delete_registereduser"}}, {"model": "auth.permission", "pk": 80, "fields": {"name": "Can view registered user", "content_type": 20, "codename": "view_registereduser"}}, {"model": "auth.user", "pk": 1, "fields": {"password": "pbkdf2_sha256$1000000$mQOjzpDt0wl9UOaYALHU1K$OYDO03WWJKORtlW01rJy2kSZxKStewAliJBi4MT5xcI=", "last_login": null, "is_superuser": false, "username": "admininvestor@gmail.com", "first_name": "Admin", "last_name": "Investor", "email": "admininvestor@gmail.com", "is_staff": false, "is_active": true, "date_joined": "2025-12-10T16:49:26.749Z", "groups": [], "user_permissions": []}}, {"model": "auth.user", "pk": 2, "fields": {"password": "pbkdf2_sha256$1000000$ntKPYXzt4wwL1wapZfIivy$ZEF2MsyPDf4EdnkRtH81iZOAcmlI7+yCdHXHkRvyJRA=", "last_login": null, "is_superuser": false, "username": "adminstartup@gmail.com", "first_name": "Admin", "last_name": "Startup", "email": "adminstartup@gmail.com", "is_staff": false, "is_active": true, "date_joined": "2025-12-10T16:49:41.216Z", "groups": [], "user_permissions": []}}, {"model": "auth.user", "pk": 3, "fields": {"password": "pbkdf2_sha256$1000000$JfL7lRMurT7DxuY2zVv10j$2AMYg7f4qepJljdnIOeE6GtAvWufX5b2yUVxTKE4EnM=", "last_login": null, "is_superuser": false, "username": "petersylvanv123@gmail.com", "first_name": "Peter Sylvan", "last_name": "Vecina", "email": "petersylvanv123@gmail.com", "is_staff": false, "is_active": true, "date_joined": "2025-12-11T02:56:21.115Z", "groups": [], "user_permissions": []}}, {"model": "auth.user", "pk": 4, "fields": {"password": "pbkdf2_sha256$1000000$jUcoHoHDYdf6hCIpJDLynG$5B1BZpKXrjMI5hONhuou10ZGdUSrwlUzcvjAliUZDrw=", "last_login": null, "is_superuser": false, "username": "sheldonarthursagrado@gmail.com", "first_name": "sheldon", "last_name": "sagrado", "email": "sheldonarthursagrado@gmail.com", "is_staff": false, "is_active": true, "date_joined": "2025-12-11T12:19:48.686Z", "groups": [], "user_permissions": []}}, {"model": "auth.user", "pk": 5, "fields": {"password": "pbkdf2_sha256$1000000$9ywdYmxC3w0F34dUAC6d7K$8Sjzemrf7tGzSZNOa0wjBkcjPKZmOinPDDvO7Jz9CJA=", "last_login": null, "is_superuser": false, "username": "slammkhelmer@gmail.com", "first_name": "Slamm Khelmer", "last_name": "Luab", "email": "slammkhelmer@gmail.com", "is_staff": false, "is_active": true, "date_joined": "2025-12-11T13:11:45.482Z", "groups": [], "user_permissions": []}}, {"model": "auth.user", "pk": 6, "fields": {"password": "pbkdf2_sha256$1000000$D7vckgvlzPJgKqfyY0slZ6$cq4fn+bYKomcHfQesfBMnZj4/HCNyJC5qi9sdadYuUs=", "last_login": null, "is_superuser": false, "username": "karylle.gomezdelosreyes@gmail.com", "first_name": "Mary", "last_name": "Delos Reyes", "email": "karylle.gomezdelosreyes@gmail.com", "is_staff": false, "is_active": true, "date_joined": "2025-12-12T00:00:18.891Z", "groups": [], "user_permissions": []}}, {"model": "auth.user", "pk": 7, "fields": {"password": "pbkdf2_sha256$1000000$QaczaQOlF71fYjVMwW6pEp$TV7gMJEjBBBbIoGyU1v44t91mS0p7+sHJbmID5GXZFU=", "last_login": null, "is_superuser": false, "username": "Invest@Invest.com", "first_name": "Investor", "last_name": "Invest", "email": "Invest@invest.com", "is_staff": false, "is_active": true, "date_joined": "2025-12-12T07:57:02.171Z", "groups": [], "user_permissions": []}}, {"model": "auth.user", "pk": 8, "fields": {"password": "pbkdf2_sha256$1000000$waLBdC5uDd7akYms8qJirc$Dw5fThuIknVu1ijk9ZUeZL2WO7EkvrONq7Nl84Oqt3o=", "last_login": null, "is_superuser": false, "username": "JaneDoe@gmail.com", "first_name": "Jane", "last_name": "Doe", "email": "JaneDoe@gmail.com", "is_staff": false, "is_active": true, "date_joined": "2025-12-12T15:04:32.569Z", "groups": [], "user_permissions": []}}, {"model": "auth.user", "pk": 9, "fields": {"password": "pbkdf2_sha256$1000000$1N6PbylBGMJytwBrctbx98$bEcY5lHmYPGEVRE3SMNPexj2hxhl2MX0DJygATFR7aI=", "last_login": null, "is_superuser": false, "username": "JohnDoe@gmail.com", "first_name": "John", "last_name": "Doe", "email": "JohnDoe@gmail.com", "is_staff": false, "is_active": true, "date_joined": "2025-12-12T15:04:56.154Z", "groups": [], "user_permissions": []}}, {"model": "auth.user", "pk": 10, "fields": {"password": "pbkdf2_sha256$1000000$FQ6FmLeVHcAtJHDHNRi7iY$uwdU0CQDSgjwXaaCMhhGcmEsIQqBtm9fnWKmclet9kc=", "last_login": null, "is_superuser": false, "username": "biboybanuag@gmail.com", "first_name": "Clar", "last_name": "Lyte", "email": "biboybanuag@gmail.com", "is_staff": false, "is_active": true, "date_joined": "2025-12-15T05:52:18.908Z", "groups": [], "user_permissions": []}}, {"model": "auth.user", "pk": 11, "fields": {"password": "pbkdf2_sha256$1000000$G1SLVFynfzL7fGQ2bi9FgK$etiBJ82qpuBuVnYE9qZe69UWQdjsCEdphQPdACeZ19M=", "last_login": null, "is_superuser": false, "username": "biboydestroyer@gmail.com", "first_name": "Clar", "last_name": "Lyte", "email": "biboydestroyer@gmail.com", "is_staff": false, "is_active": true, "date_joined": "2025-12-15T05:54:06.482Z", "groups": [], "user_permissions": []}}, {"model": "auth.user", "pk": 14, "fields": {"password": "pbkdf2_sha256$1000000$sEUhcaad4c8T6IyCUL6I7g$aSvEIRqo1rT5yb0H6ltUmX+YnBkWTpTjNRQSUiM9GzE=", "last_login": null, "is_superuser": false, "username": "Investor@test.com", "first_name": "Invest", "last_name": "Invest", "email": "Investor@test.com", "is_staff": false, "is_active": true, "date_joined": "2025-12-16T05:48:27.889Z", "groups": [], "user_permissions": []}}, {"model": "auth.user", "pk": 15, "fields": {"password": "pbkdf2_sha256$1000000$VER08svnyqOfjYUZEEaFsJ$2G2yrmEmcXuPdq85S+cF/1HYDcaLqljlu6jkNMlMEs0=", "last_login": null, "is_superuser": false, "username": "sophiathefifth10@gmail.com", "first_name": "Karylle", "last_name": "Delos Reyes", "email": "sophiathefifth10@gmail.com", "is_staff": false, "is_active": true, "date_joined": "2025-12-18T01:36:28.275Z", "groups": [], "user_permissions": []}}, {"model": "auth.user", "pk": 16, "fields": {"password": "pbkdf2_sha256$1000000$HxMqdTKEWmP3fZhaQckAMb$DpGQXFiPRL2R31dnLU0IjfQmsDW/dt2vd6tuQPYXSK8=", "last_login": null, "is_superuser": false, "username": "s1@gmail.com", "first_name": "s1", "last_name": "s1", "email": "s1@gmail.com", "is_staff": false, "is_active": true, "date_joined": "2026-01-03T08:53:25.307Z", "groups": [], "user_permissions": []}}, {"model": "auth.user", "pk": 17, "fields": {"password": "pbkdf2_sha256$1000000$EYQTNmliNFuJoefo1HoHos$PiTuqvmwE5HQb99lQ0Q+n3+AMx+FuR5u9hqchY4Qpdo=", "last_login": null, "is_superuser": false, "username": "v1@gmail.com", "first_name": "v1", "last_name": "v1", "email": "v1@gmail.com", "is_staff": false, "is_active": true, "date_joined": "2026-01-03T09:01:06.591Z", "groups": [], "user_permissions": []}}, {"model": "contenttypes.contenttype", "pk": 1, "fields": {"app_label": "admin", "model": "logentry"}}, {"model": "contenttypes.contenttype", "pk": 2, "fields": {"app_label": "auth", "model": "permission"}}, {"model": "contenttypes.contenttype", "pk": 3, "fields": {"app_label": "auth", "model": "group"}}, {"model": "contenttypes.contenttype", "pk": 4, "fields": {"app_label": "auth", "model": "user"}}, {"model": "contenttypes.contenttype", "pk": 5, "fields": {"app_label": "contenttypes", "model": "contenttype"}}, {"model": "contenttypes.contenttype", "pk": 6, "fields": {"app_label": "sessions", "model": "session"}}, {"model": "contenttypes.contenttype", "pk": 7, "fields": {"app_label": "core", "model": "deck"}}, {"model": "contenttypes.contenttype", "pk": 8, "fields": {"app_label": "core", "model": "financialprojection"}}, {"model": "contenttypes.contenttype", "pk": 9, "fields": {"app_label": "core", "model": "fundingask"}}, {"model": "contenttypes.contenttype", "pk": 10, "fields": {"app_label": "core", "model": "marketanalysis"}}, {"model": "contenttypes.contenttype", "pk": 11, "fields": {"app_label": "core", "model": "problem"}}, {"model": "contenttypes.contenttype", "pk": 12, "fields": {"app_label": "core", "model": "solution"}}, {"model": "contenttypes.contenttype", "pk": 13, "fields": {"app_label": "core", "model": "startup"}}, {"model": "contenttypes.contenttype", "pk": 14, "fields": {"app_label": "core", "model": "comparisonset"}}, {"model": "contenttypes.contenttype", "pk": 15, "fields": {"app_label": "core", "model": "startupcomparison"}}, {"model": "contenttypes.contenttype", "pk": 16, "fields": {"app_label": "core", "model": "startupview"}}, {"model": "contenttypes.contenttype", "pk": 17, "fields": {"app_label": "core", "model": "teammember"}}, {"model": "contenttypes.contenttype", "pk": 18, "fields": {"app_label": "core", "model": "download"}}, {"model": "contenttypes.contenttype", "pk": 19, "fields": {"app_label": "core", "model": "watchlist"}}, {"model": "contenttypes.contenttype", "pk": 20, "fields": {"app_label": "core", "model": "registereduser"}}, {"model": "core.watchlist", "pk": 1, "fields": {"user": 1, "startup": 11, "added_at": "2025-12-12T14:35:51.345Z", "compared": false}}, {"model": "core.watchlist", "pk": 2, "fields": {"user": 1, "startup": 1, "added_at": "2025-12-12T14:35:56.689Z", "compared": false}}, {"model": "core.watchlist", "pk": 3, "fields": {"user": 1, "startup": 10, "added_at": "2025-12-12T14:36:02.569Z", "compared": false}}, {"model": "core.watchlist", "pk": 5, "fields": {"user": 8, "startup": 6, "added_at": "2025-12-28T06:45:13.863Z", "compared": false}}, {"model": "core.comparisonset", "pk": 1, "fields": {"user": 8, "name": "", "created_at": "2025-12-28T06:45:48.059Z", "startups": [3, 1]}}, {"model": "core.deck", "pk": 1, "fields": {"owner": 2, "company_name": "MedRoute PH", "tagline": "Delivering medicine faster and smarter across the Philippines.", "logo": "", "created_at": "2025-12-11T01:47:34.851Z"}}, {"model": "core.deck", "pk": 2, "fields": {"owner": 2, "company_name": "LoanLinker", "tagline": "Empowering lending cooperatives with smarter digital tools.", "logo": "", "created_at": "2025-12-11T01:51:49.629Z"}}, {"model": "core.deck", "pk": 3, "fields": {"owner": 2, "company_name": "FarmFetch", "tagline": "Connecting farmers to buyers, the fair and modern way.", "logo": "", "created_at": "2025-12-11T01:53:47.565Z"}}, {"model": "core.deck", "pk": 4, "fields": {"owner": 2, "company_name": "ClassMate PH", "tagline": "Simple learning tools designed for public schools.", "logo": "", "created_at": "2025-12-11T01:55:11.722Z"}}, {"model": "core.deck", "pk": 5, "fields": {"owner": 2, "company_name": "HydroTrack", "tagline": "Smart monitoring for safer, cleaner water systems.", "logo": "", "created_at": "2025-12-11T01:56:20.407Z"}}, {"model": "core.deck", "pk": 6, "fields": {"owner": 3, "company_name": "TreeTrace", "tagline": "Stop Guessing. Start Knowing. Secure Your Family's Story and Health", "logo": "", "created_at": "2025-12-11T02:56:38.390Z"}}, {"model": "core.deck", "pk": 7, "fields": {"owner": 4, "company_name": "Foodly", "tagline": "Watch and eat", "logo": "", "created_at": "2025-12-11T12:20:46.871Z"}}, {"model": "core.deck", "pk": 8, "fields": {"owner": 5, "company_name": "LaunchUp", "tagline": "Wisteria in bloom, where do you grow off to", "logo": "", "created_at": "2025-12-11T13:13:42.083Z"}}, {"model": "core.deck", "pk": 9, "fields": {"owner": 5, "company_name": "Untitled Deck", "tagline": "", "logo": "", "created_at": "2025-12-11T13:31:53.719Z"}}, {"model": "core.deck", "pk": 10, "fields": {"owner": 2, "company_name": "Untitled Deck", "tagline": "", "logo": "", "created_at": "2025-12-12T14:41:47.682Z"}}, {"model": "core.deck", "pk": 11, "fields": {"owner": 2, "company_name": "Untitled Deck", "tagline": "", "logo": "", "created_at": "2025-12-12T14:44:00.816Z"}}, {"model": "core.deck", "pk": 12, "fields": {"owner": 2, "company_name": "Untitled Deck", "tagline": "", "logo": "", "created_at": "2025-12-12T14:58:04.776Z"}}, {"model": "core.deck", "pk": 13, "fields": {"owner": 11, "company_name": "Untitled Deck", "tagline": "", "logo": "", "created_at": "2025-12-15T05:54:49.185Z"}}, {"model": "core.deck", "pk": 14, "fields": {"owner": 14, "company_name": "sample", "tagline": "sample", "logo": "", "created_at": "2026-01-03T08:57:32.703Z"}}, {"model": "core.problem", "pk": 1, "fields": {"deck": 1, "description": "Rural pharmacies and municipal health centers struggle with delayed medicine deliveries due to poor logistics coordination, manual ordering, mismatched stock levels, and unreliable courier scheduling. This leads to medicine shortages, expired stocks, and long waiting times for patients who rely on critical medications."}}, {"model": "core.problem", "pk": 2, "fields": {"deck": 2, "description": "Philippine lending cooperatives rely heavily on manual paperwork and face long processing times, inconsistent credit scoring, and high default rates. Many rural coops cannot digitize because existing fintech tools are too expensive or complex."}}, {"model": "core.problem", "pk": 3, "fields": {"deck": 3, "description": "Farmers lose up to 40% of income to middlemen. They have limited access to consistent buyers and often lack market price transparency. Restaurants and retailers struggle with unpredictable supply and inconsistent quality."}}, {"model": "core.problem", "pk": 4, "fields": {"deck": 4, "description": "Public schools have outdated systems for tracking assignments, grades, and attendance. Teachers spend hours manually encoding reports. Existing LMS platforms are too expensive or require fast internet, which many schools lack."}}, {"model": "core.problem", "pk": 5, "fields": {"deck": 5, "description": "Small water districts face unmonitored leaks, contamination risks, and inefficient consumption tracking. Manual meter readings cause delayed billing and revenue losses for LGUs."}}, {"model": "core.problem", "pk": 6, "fields": {"deck": 6, "description": "Current genealogy platforms lack efficient and accurate methods for identifying familial\nconnections between different users. Without a systematic approach to compare family trees, users may struggle to discover potential relatives and ancestors. This fragmentation causes incomplete, inconsistent, or duplicated family data that becomes impossible to track common ancestors or validate family history."}}, {"model": "core.problem", "pk": 7, "fields": {"deck": 7, "description": "It's hard for small food businesses to promote their business"}}, {"model": "core.problem", "pk": 8, "fields": {"deck": 8, "description": "It's hard to verify startup readiness.\nThere's biased decision making by mentors."}}, {"model": "core.problem", "pk": 9, "fields": {"deck": 14, "description": "sample"}}, {"model": "core.solution", "pk": 1, "fields": {"deck": 1, "description": "MedRoute PH is a SaaS-enabled logistics platform that automates medicine restocking using predictive analytics, demand forecasting, and partner courier integrations. Pharmacies and LGUs can track stock levels, schedule deliveries instantly, and reduce wastage by syncing inventory with real-time demand. Our system cuts delivery delays from weeks to days, making essential medicines consistently available."}}, {"model": "core.solution", "pk": 2, "fields": {"deck": 2, "description": "LoanLinker provides a lightweight digital lending platform for cooperatives with automated credit scoring, borrower tracking, mobile payment integration, and delinquency alerts. Designed for low-bandwidth rural environments, LoanLinker modernizes lending operations at a fraction of the cost of enterprise systems."}}, {"model": "core.solution", "pk": 3, "fields": {"deck": 3, "description": "FarmFetch is a marketplace that connects farmers directly to restaurants, groceries, and resellers. It offers scheduled pickup, quality grading, cold storage partnerships, and price transparency dashboards. This reduces losses and gives farmers fairer income while providing buyers with stable supply."}}, {"model": "core.solution", "pk": 4, "fields": {"deck": 4, "description": "ClassMate PH is a lightweight LMS optimized for low bandwidth and offline-first access. Teachers can manage classes, record grades, track attendance, and print automated DepEd-formatted reports. It works on basic laptops and mobile phones and provides analytics for school administrators."}}, {"model": "core.solution", "pk": 5, "fields": {"deck": 5, "description": "HydroTrack provides IoT water sensors that track flow rates, pressure changes, and contamination indicators in real time. The platform alerts utilities of leaks, automates meter logging, and enables accurate consumption billing with minimal manual work."}}, {"model": "core.solution", "pk": 6, "fields": {"deck": 6, "description": "TreeTrace enables users to create visualized family trees, incorporating personal details and cross-matching data with other databases to identify common ancestors and fill gaps. This centralized model enhances data accuracy and promotes collaboration. Furthermore, hereditary disease tracking offers valuable health insights. Overall, the platform is a user-friendly and powerful tool for building, visualizing, and enriching family histories in an engaging and informative manner."}}, {"model": "core.solution", "pk": 7, "fields": {"deck": 7, "description": "A fusion of tiktok and food panda, where users can have a tiktok-like app but it's all FOOD and their can order through the app"}}, {"model": "core.solution", "pk": 8, "fields": {"deck": 8, "description": "An Evidence-based approach for startup validation and AI-informed decisions for mentor"}}, {"model": "core.solution", "pk": 9, "fields": {"deck": 14, "description": "sample"}}, {"model": "core.marketanalysis", "pk": 1, "fields": {"deck": 1, "primary_market": "Private rural pharmacies, municipal health centers, and small hospitals across Visayas and Mindanao.", "target_audience": "Pharmacists, clinic administrators, LGU health offices, and independent pharmacy owners.", "market_growth_rate": "12.00", "competitive_advantage": "Exclusive partnerships with regional couriers, AI-driven inventory forecasting for medicines, and a compliance-ready system aligned with DOH audit requirements."}}, {"model": "core.marketanalysis", "pk": 2, "fields": {"deck": 2, "primary_market": "Lending cooperatives in Luzon, especially Region II and IV-A.", "target_audience": "Coop managers, loan officers, and rural community credit institutions.", "market_growth_rate": "9.00", "competitive_advantage": "Localized credit scoring tuned for PH borrower behavior and coop norms, easily deployable even in low-internet areas, and half the price of traditional lending software."}}, {"model": "core.marketanalysis", "pk": 3, "fields": {"deck": 3, "primary_market": "Farmers and buyers in CALABARZON and Metro Manila.", "target_audience": "Restaurants, groceries, hotels, and produce resellers.", "market_growth_rate": "15.00", "competitive_advantage": "End-to-end logistics partnerships, transparent pricing engine, and farmer onboarding programs with LGU agriculture offices."}}, {"model": "core.marketanalysis", "pk": 4, "fields": {"deck": 4, "primary_market": "Public school districts and small private academies nationwide.", "target_audience": "Teachers, principals, school administrators.", "market_growth_rate": "7.00", "competitive_advantage": "Offline-first technology, DepEd-ready templates, lowest cost in the market, and a system designed specifically for PH educational workflows."}}, {"model": "core.marketanalysis", "pk": 5, "fields": {"deck": 5, "primary_market": "Municipal water districts and private water providers.", "target_audience": "Water district managers, engineers, and LGU utility officers.", "market_growth_rate": "10.00", "competitive_advantage": "IoT sensors engineered for local water infrastructure, low-cost installation, and real-time contamination alerts."}}, {"model": "core.marketanalysis", "pk": 6, "fields": {"deck": 6, "primary_market": "B2B, B2C", "target_audience": "Families who want to preserve and understand their ancestry.\n\nHealth-conscious individuals tracking hereditary conditions.\n\nGenetic counselors, researchers, and healthcare organizations interested in family-based health patterns.", "market_growth_rate": "25.00", "competitive_advantage": "Combines genealogy and health tracking in one platform (rarely done).\n\nAI-driven health pattern detection with real-time family collaboration."}}, {"model": "core.marketanalysis", "pk": 7, "fields": {"deck": 7, "primary_market": "B2C", "target_audience": "Food shop owners and people who wanna eat something interesting; not all fast food", "market_growth_rate": "50.00", "competitive_advantage": "It is fun and easy for hungry people to find something new to eat in their area"}}, {"model": "core.marketanalysis", "pk": 8, "fields": {"deck": 8, "primary_market": "Startups, Mentors", "target_audience": "Mentors and Managers", "market_growth_rate": "15.00", "competitive_advantage": "Wala haha"}}, {"model": "core.marketanalysis", "pk": 9, "fields": {"deck": 14, "primary_market": "sample", "target_audience": "sample", "market_growth_rate": "15.00", "competitive_advantage": "sample"}}, {"model": "core.teammember", "pk": 1, "fields": {"deck": 1, "name": "Ana Lacsamana", "title": "CEO"}}, {"model": "core.teammember", "pk": 2, "fields": {"deck": 1, "name": "Paolo Enriquez", "title": "CTO"}}, {"model": "core.teammember", "pk": 3, "fields": {"deck": 2, "name": "Carlos Reyes", "title": "CEO"}}, {"model": "core.teammember", "pk": 4, "fields": {"deck": 2, "name": "Janelle Uy", "title": "COO"}}, {"model": "core.teammember", "pk": 5, "fields": {"deck": 3, "name": "Mika Soriano", "title": "CEO"}}, {"model": "core.teammember", "pk": 6, "fields": {"deck": 3, "name": "Ronald Lim", "title": "CTO"}}, {"model": "core.teammember", "pk": 7, "fields": {"deck": 4, "name": "Sarah Magpantay", "title": "CEO"}}, {"model": "core.teammember", "pk": 8, "fields": {"deck": 4, "name": "Joseph Tan", "title": "CTO"}}, {"model": "core.teammember", "pk": 9, "fields": {"deck": 5, "name": "Andrea Pineda", "title": "CEO"}}, {"model": "core.teammember", "pk": 10, "fields": {"deck": 5, "name": "Luis Borromeo", "title": "CTO"}}, {"model": "core.teammember", "pk": 11, "fields": {"deck": 6, "name": "Peter Vecina", "title": "Project Manager"}}, {"model": "core.teammember", "pk": 12, "fields": {"deck": 6, "name": "Fynn Borja", "title": "QA Tester"}}, {"model": "core.teammember", "pk": 13, "fields": {"deck": 6, "name": "Kyle Vasquez", "title": "Developer"}}, {"model": "core.teammember", "pk": 14, "fields": {"deck": 6, "name": "Karl Ajero", "title": "Developer"}}, {"model": "core.teammember", "pk": 15, "fields": {"deck": 7, "name": "Sheldon Sagrado", "title": "Software engineer"}}, {"model": "core.teammember", "pk": 16, "fields": {"deck": 8, "name": "Slamm Khelmer A. Luab", "title": "Leader"}}, {"model": "core.teammember", "pk": 17, "fields": {"deck": 8, "name": "suneohair", "title": "bf"}}, {"model": "core.teammember", "pk": 18, "fields": {"deck": 14, "name": "sample", "title": "sample"}}, {"model": "core.financialprojection", "pk": 1, "fields": {"deck": 1, "valuation_multiple": "3.50", "current_valuation": "35000000.00", "projected_revenue_final_year": "30000000.00", "years_to_projection": 3}}, {"model": "core.financialprojection", "pk": 2, "fields": {"deck": 2, "valuation_multiple": "4.00", "current_valuation": "18000000.00", "projected_revenue_final_year": "22000000.00", "years_to_projection": 4}}, {"model": "core.financialprojection", "pk": 3, "fields": {"deck": 3, "valuation_multiple": "2.80", "current_valuation": "22000000.00", "projected_revenue_final_year": "18000000.00", "years_to_projection": 3}}, {"model": "core.financialprojection", "pk": 4, "fields": {"deck": 4, "valuation_multiple": "3.00", "current_valuation": "28000000.00", "projected_revenue_final_year": "20000000.00", "years_to_projection": 3}}, {"model": "core.financialprojection", "pk": 5, "fields": {"deck": 5, "valuation_multiple": "3.20", "current_valuation": "15000000.00", "projected_revenue_final_year": "14000000.00", "years_to_projection": 4}}, {"model": "core.financialprojection", "pk": 6, "fields": {"deck": 6, "valuation_multiple": "1.00", "current_valuation": "500000.00", "projected_revenue_final_year": "5.00", "years_to_projection": 3}}, {"model": "core.financialprojection", "pk": 7, "fields": {"deck": 7, "valuation_multiple": "1.00", "current_valuation": "50000.00", "projected_revenue_final_year": "1000000.00", "years_to_projection": 1}}, {"model": "core.financialprojection", "pk": 8, "fields": {"deck": 8, "valuation_multiple": "5.00", "current_valuation": "12.00", "projected_revenue_final_year": "50.00", "years_to_projection": 4}}, {"model": "core.financialprojection", "pk": 9, "fields": {"deck": 14, "valuation_multiple": "0.10", "current_valuation": "10000.00", "projected_revenue_final_year": "25000.00", "years_to_projection": 3}}, {"model": "core.fundingask", "pk": 1, "fields": {"deck": 1, "amount": "8000000.00", "usage_description": "40% product development\n35% regional expansion (VisMin)\n15% sales & partnerships\n10% compliance and regulatory certifications"}}, {"model": "core.fundingask", "pk": 2, "fields": {"deck": 2, "amount": "5000000.00", "usage_description": "35% – Product Development (₱1,750,000)\nExpanding credit scoring models, building borrower analytics, improving mobile app experience.\n25% – Cooperative Onboarding & Field Operations (₱1,250,000)\nHiring onboarding teams for Northern Luzon; implementing digital migration support for partner coops.\n20% – Sales & Marketing (₱1,000,000)\nCoop outreach, seminars, financial literacy events, and digital marketing.\n10% – Compliance & Security (₱500,000)\nStrengthening KYC, AML systems, data protection, and legal compliance for fintech operations.\n10% – Working Capital (₱500,000)\nOperational reserves for the next 12–14 months."}}, {"model": "core.fundingask", "pk": 3, "fields": {"deck": 3, "amount": "6500000.00", "usage_description": "30% – Cold Chain & Logistics Partnerships (₱1,950,000)\nRenting temperature-controlled storage and subsidizing transport routes for early partners.\n\n25% – Platform Development (₱1,625,000)\nMarketplace upgrades, automated pricing tools, quality grading system integration.\n\n20% – Farmer Onboarding & Training (₱1,300,000)\nField officers, onboarding programs, and training initiatives with LGUs.\n\n15% – Sales & Buyer Acquisition (₱975,000)\nTargeting restaurants, groceries, and resellers through outbound and trade events.\n\n10% – Contingency & Buffer (₱650,000)\nCash runway extension for seasonality adjustments."}}, {"model": "core.fundingask", "pk": 4, "fields": {"deck": 4, "amount": "4000000.00", "usage_description": "40% – Software Development (₱1,600,000)\nEnhancing offline-first capabilities, adding DepEd-formatted reporting, improving mobile apps.\n\n20% – Teacher Training & Support Programs (₱800,000)\nRegional workshops, onboarding support, dedicated school assistance teams.\n\n15% – Sales & School Partnerships (₱600,000)\nPublic school district outreach and private school acquisition initiatives.\n\n15% – Infrastructure & Hosting (₱600,000)\nServer scaling, cybersecurity, and system reliability upgrades.\n\n10% – Administrative & Compliance (₱400,000)\nDepEd certifications, government coordination, and legal requirements."}}, {"model": "core.fundingask", "pk": 5, "fields": {"deck": 5, "amount": "7000000.00", "usage_description": "35% – Hardware Production & R&D (₱2,450,000)\nSensor manufacturing, prototype refinement, waterproofing tests, and field durability improvements.\n\n25% – Pilot Deployments with Water Districts (₱1,750,000)\nInstallation costs, calibration, technician deployment, and monitoring for early adopters.\n\n20% – Software Platform Development (₱1,400,000)\nReal-time monitoring dashboards, leak detection algorithms, and integration with billing systems.\n\n10% – Sales & Government Partnerships (₱700,000)\nEngagement with LGUs, water districts, and engineering teams.\n\n10% – Operational Working Capital (₱700,000)\nCash reserves for payroll and operating expenses for the next 12 months."}}, {"model": "core.fundingask", "pk": 6, "fields": {"deck": 6, "amount": "100000.00", "usage_description": "Product dev (40%)"}}, {"model": "core.fundingask", "pk": 7, "fields": {"deck": 7, "amount": "500000.00", "usage_description": "Product development (50%), and sales (50%)"}}, {"model": "core.fundingask", "pk": 8, "fields": {"deck": 8, "amount": "200000.00", "usage_description": "Switch 2 (100%)"}}, {"model": "core.fundingask", "pk": 9, "fields": {"deck": 14, "amount": "20000.00", "usage_description": "sample"}}, {"model": "core.registereduser", "pk": 1, "fields": {"user": 1, "label": "investor", "contact_email": null, "contact_phone": null, "website_url": null, "linkedin_url": null, "location": null, "founder_name": null, "founder_title": null, "founder_linkedin": null, "year_founded": null}}, {"model": "core.registereduser", "pk": 2, "fields": {"user": 2, "label": "startup", "contact_email": "contact@company.com", "contact_phone": "09538264836", "website_url": "https://my-company.com", "linkedin_url": "https://linkedin.com/company", "location": "Cebu City, Philippines", "founder_name": "Ray Khelmer B. Sylvan", "founder_title": "CEO & Founder", "founder_linkedin": "https://linkedin.com", "year_founded": 2022}}, {"model": "core.registereduser", "pk": 3, "fields": {"user": 3, "label": "startup", "contact_email": null, "contact_phone": null, "website_url": null, "linkedin_url": null, "location": null, "founder_name": null, "founder_title": null, "founder_linkedin": null, "year_founded": null}}, {"model": "core.registereduser", "pk": 4, "fields": {"user": 4, "label": "startup", "contact_email": null, "contact_phone": null, "website_url": null, "linkedin_url": null, "location": null, "founder_name": null, "founder_title": null, "founder_linkedin": null, "year_founded": null}}, {"model": "core.registereduser", "pk": 5, "fields": {"user": 5, "label": "startup", "contact_email": null, "contact_phone": null, "website_url": null, "linkedin_url": null, "location": null, "founder_name": null, "founder_title": null, "founder_linkedin": null, "year_founded": null}}, {"model": "core.registereduser", "pk": 6, "fields": {"user": 6, "label": "investor", "contact_email": null, "contact_phone": null, "website_url": null, "linkedin_url": null, "location": null, "founder_name": null, "founder_title": null, "founder_linkedin": null, "year_founded": null}}, {"model": "core.registereduser", "pk": 7, "fields": {"user": 7, "label": "startup", "contact_email": null, "contact_phone": null, "website_url": null, "linkedin_url": null, "location": null, "founder_name": null, "founder_title": null, "founder_linkedin": null, "year_founded": 2024}}, {"model": "core.registereduser", "pk": 8, "fields": {"user": 8, "label": "investor", "contact_email": null, "contact_phone": null, "website_url": null, "linkedin_url": null, "location": null, "founder_name": null, "founder_title": null, "founder_linkedin": null, "year_founded": null}}, {"model": "core.registereduser", "pk": 9, "fields": {"user": 9, "label": "startup", "contact_email": null, "contact_phone": null, "website_url": null, "linkedin_url": null, "location": null, "founder_name": null, "founder_title": null, "founder_linkedin": null, "year_founded": null}}, {"model": "core.registereduser", "pk": 10, "fields": {"user": 10, "label": "startup", "contact_email": null, "contact_phone": null, "website_url": null, "linkedin_url": null, "location": null, "founder_name": null, "founder_title": null, "founder_linkedin": null, "year_founded": null}}, {"model": "core.registereduser", "pk": 11, "fields": {"user": 11, "label": "startup", "contact_email": null, "contact_phone": null, "website_url": null, "linkedin_url": null, "location": null, "founder_name": null, "founder_title": null, "founder_linkedin": null, "year_founded": null}}, {"model": "core.registereduser", "pk": 12, "fields": {"user": 14, "label": "investor", "contact_email": null, "contact_phone": null, "website_url": null, "linkedin_url": null, "location": null, "founder_name": null, "founder_title": null, "founder_linkedin": null, "year_founded": null}}, {"model": "core.registereduser", "pk": 13, "fields": {"user": 15, "label": "investor", "contact_email": null, "contact_phone": null, "website_url": null, "linkedin_url": null, "location": null, "founder_name": null, "founder_title": null, "founder_linkedin": null, "year_founded": null}}, {"model": "core.registereduser", "pk": 14, "fields": {"user": 16, "label": "startup", "contact_email": null, "contact_phone": null, "website_url": null, "linkedin_url": null, "location": null, "founder_name": null, "founder_title": null, "founder_linkedin": null, "year_founded": 2000}}, {"model": "core.registereduser", "pk": 15, "fields": {"user": 17, "label": "investor", "contact_email": null, "contact_phone": null, "website_url": null, "linkedin_url": null, "location": null, "founder_name": null, "founder_title": null, "founder_linkedin": null, "year_founded": null}}, {"model": "core.startup", "pk": 1, "fields": {"owner": 2, "company_name": "PayWave Technologies", "industry": "Fintech", "company_description": "Digital payments API and infrastructure provider", "data_source_confidence": "High", "is_deck_builder": false, "revenue": "155000000.00", "net_income": "18000000.00", "total_assets": "200000000.00", "total_liabilities": "60000000.00", "shareholder_equity": "140000000.00", "cash_flow": "20000000.00", "time_between_periods": "1.00", "retained_earnings": "50000000.00", "ebit": "25000000.00", "current_assets": "95000000.00", "current_liabilities": "32000000.00", "current_valuation": "900000000.00", "expected_future_valuation": "2000000000.00", "years_to_future_valuation": "3.00", "current_revenue": "155000000.00", "previous_revenue": "120000000.00", "investment_flow": null, "financing_flow": null, "reporting_period": null, "funding_ask": null, "funding_usage": null, "source_deck": null, "team_strength": "Strong leadership team with prior fintech exits", "market_position": "Growing presence with solid B2B partnerships", "brand_reputation": "Recognized and trusted among enterprise users", "confidence_percentage": 100, "created_at": "2025-12-11T01:35:56.911Z", "updated_at": "2025-12-11T01:35:56.911Z"}}, {"model": "core.startup", "pk": 2, "fields": {"owner": 2, "company_name": "SukiGrocer", "industry": "E-commerce", "company_description": "Online marketplace focused on sustainable, eco-friendly consumer products", "data_source_confidence": "High", "is_deck_builder": false, "revenue": "6800000.00", "net_income": "-350000.00", "total_assets": "4800000.00", "total_liabilities": "3600000.00", "shareholder_equity": "1200000.00", "cash_flow": "-200000.00", "time_between_periods": "1.00", "retained_earnings": "-500000.00", "ebit": "-120000.00", "current_assets": "1400000.00", "current_liabilities": "2000000.00", "current_valuation": "20000000.00", "expected_future_valuation": "35000000.00", "years_to_future_valuation": "4.00", "current_revenue": "6800000.00", "previous_revenue": "5000000.00", "investment_flow": null, "financing_flow": null, "reporting_period": null, "funding_ask": null, "funding_usage": null, "source_deck": null, "team_strength": "Young, energetic team with strong marketing background", "market_position": "Gaining traction but still competing with larger marketplaces", "brand_reputation": "Known among eco-conscious consumers", "confidence_percentage": 100, "created_at": "2025-12-11T01:40:12.399Z", "updated_at": "2025-12-11T01:40:12.399Z"}}, {"model": "core.startup", "pk": 3, "fields": {"owner": 2, "company_name": "RidePabili", "industry": "Other", "company_description": "RidePabili is an on-demand errands and delivery service for items that cannot be booked on traditional couriers—such as forgotten items, “pabili,” small purchases, and documents. The business is in very early stage with high rider churn and an unclear path to profitability.", "data_source_confidence": "High", "is_deck_builder": false, "revenue": "1200000.00", "net_income": "-700000.00", "total_assets": "1200000.00", "total_liabilities": "1800000.00", "shareholder_equity": "-600000.00", "cash_flow": "-600000.00", "time_between_periods": "1.00", "retained_earnings": "-1000000.00", "ebit": "-650000.00", "current_assets": "500000.00", "current_liabilities": "1000000.00", "current_valuation": "6000000.00", "expected_future_valuation": "12000000.00", "years_to_future_valuation": "5.00", "current_revenue": "1200000.00", "previous_revenue": "800000.00", "investment_flow": null, "financing_flow": null, "reporting_period": null, "funding_ask": null, "funding_usage": null, "source_deck": null, "team_strength": "Founders are beginners with limited logistics experience", "market_position": "Weak; high competition from Grab, Lalamove, and local riders", "brand_reputation": "Not well known; small but loyal user base in select barangays", "confidence_percentage": 100, "created_at": "2025-12-11T01:43:09.404Z", "updated_at": "2025-12-11T01:43:09.404Z"}}, {"model": "core.startup", "pk": 4, "fields": {"owner": 2, "company_name": "TaxEase PH", "industry": "Finance", "company_description": "TaxEase PH is a SaaS startup offering automated tax filing and accounting tools for freelancers, online sellers, and SMEs. The platform integrates with POS systems and e-wallets to auto-calculate VAT, income tax, and deadlines. Revenue is subscription-based, yielding stable recurring income.", "data_source_confidence": "High", "is_deck_builder": false, "revenue": "4100000.00", "net_income": "900000.00", "total_assets": "6000000.00", "total_liabilities": "2200000.00", "shareholder_equity": "3800000.00", "cash_flow": "1100000.00", "time_between_periods": "1.00", "retained_earnings": "1800000.00", "ebit": "1200000.00", "current_assets": "2400000.00", "current_liabilities": "800000.00", "current_valuation": "25000000.00", "expected_future_valuation": "40000000.00", "years_to_future_valuation": "3.00", "current_revenue": "4100000.00", "previous_revenue": "3200000.00", "investment_flow": null, "financing_flow": null, "reporting_period": null, "funding_ask": null, "funding_usage": null, "source_deck": null, "team_strength": "Strong accounting and fintech backgrounds", "market_position": "Niche leader in automated tax filing for small businesses", "brand_reputation": "Positive reputation; dependable & accurate tax computations", "confidence_percentage": 100, "created_at": "2025-12-11T01:45:32.092Z", "updated_at": "2025-12-11T01:45:32.092Z"}}, {"model": "core.startup", "pk": 5, "fields": {"owner": 2, "company_name": "AgriSense IoT", "industry": "Agriculture", "company_description": "AgriSense IoT builds environmental monitoring sensors for farms to track soil moisture, rainfall, nutrient levels, and temperature. Hardware costs remain high and adoption is early. Growth potential is strong, but the startup is capital-intensive and has long sales cycles.", "data_source_confidence": "High", "is_deck_builder": false, "revenue": "950000.00", "net_income": "-1200000.00", "total_assets": "3500000.00", "total_liabilities": "4200000.00", "shareholder_equity": "-700000.00", "cash_flow": "-900000.00", "time_between_periods": "1.00", "retained_earnings": "-1500000.00", "ebit": "-1000000.00", "current_assets": "800000.00", "current_liabilities": "2400000.00", "current_valuation": "12000000.00", "expected_future_valuation": "20000000.00", "years_to_future_valuation": "4.00", "current_revenue": "950000.00", "previous_revenue": "600000.00", "investment_flow": null, "financing_flow": null, "reporting_period": null, "funding_ask": null, "funding_usage": null, "source_deck": null, "team_strength": "Technically skilled but founders lack commercialization experience", "market_position": "Early mover in PH agri-IoT but limited distribution reach", "brand_reputation": "New brand; still proving reliability of devices", "confidence_percentage": 100, "created_at": "2025-12-11T01:47:24.307Z", "updated_at": "2025-12-11T01:47:24.307Z"}}, {"model": "core.startup", "pk": 6, "fields": {"owner": 2, "company_name": "MedRoute PH", "industry": "—", "company_description": "Delivering medicine faster and smarter across the Philippines.", "data_source_confidence": "Medium", "is_deck_builder": true, "revenue": null, "net_income": null, "total_assets": null, "total_liabilities": null, "shareholder_equity": null, "cash_flow": null, "time_between_periods": null, "retained_earnings": null, "ebit": null, "current_assets": null, "current_liabilities": null, "current_valuation": null, "expected_future_valuation": null, "years_to_future_valuation": null, "current_revenue": null, "previous_revenue": null, "investment_flow": null, "financing_flow": null, "reporting_period": null, "funding_ask": "8000000.00", "funding_usage": null, "source_deck": 1, "team_strength": "", "market_position": "", "brand_reputation": "", "confidence_percentage": 50, "created_at": "2025-12-11T01:51:47.714Z", "updated_at": "2025-12-11T01:51:47.714Z"}}, {"model": "core.startup", "pk": 7, "fields": {"owner": 2, "company_name": "LoanLinker", "industry": "—", "company_description": "Empowering lending cooperatives with smarter digital tools.", "data_source_confidence": "Medium", "is_deck_builder": true, "revenue": null, "net_income": null, "total_assets": null, "total_liabilities": null, "shareholder_equity": null, "cash_flow": null, "time_between_periods": null, "retained_earnings": null, "ebit": null, "current_assets": null, "current_liabilities": null, "current_valuation": null, "expected_future_valuation": null, "years_to_future_valuation": null, "current_revenue": null, "previous_revenue": null, "investment_flow": null, "financing_flow": null, "reporting_period": null, "funding_ask": "5000000.00", "funding_usage": null, "source_deck": 2, "team_strength": "", "market_position": "", "brand_reputation": "", "confidence_percentage": 50, "created_at": "2025-12-11T01:53:45.038Z", "updated_at": "2025-12-11T01:53:45.038Z"}}, {"model": "core.startup", "pk": 8, "fields": {"owner": 2, "company_name": "FarmFetch", "industry": "—", "company_description": "Connecting farmers to buyers, the fair and modern way.", "data_source_confidence": "Medium", "is_deck_builder": true, "revenue": null, "net_income": null, "total_assets": null, "total_liabilities": null, "shareholder_equity": null, "cash_flow": null, "time_between_periods": null, "retained_earnings": null, "ebit": null, "current_assets": null, "current_liabilities": null, "current_valuation": null, "expected_future_valuation": null, "years_to_future_valuation": null, "current_revenue": null, "previous_revenue": null, "investment_flow": null, "financing_flow": null, "reporting_period": null, "funding_ask": "6500000.00", "funding_usage": null, "source_deck": 3, "team_strength": "", "market_position": "", "brand_reputation": "", "confidence_percentage": 50, "created_at": "2025-12-11T01:55:09.795Z", "updated_at": "2025-12-11T01:55:09.795Z"}}, {"model": "core.startup", "pk": 9, "fields": {"owner": 2, "company_name": "ClassMate PH", "industry": "—", "company_description": "Simple learning tools designed for public schools.", "data_source_confidence": "Medium", "is_deck_builder": true, "revenue": null, "net_income": null, "total_assets": null, "total_liabilities": null, "shareholder_equity": null, "cash_flow": null, "time_between_periods": null, "retained_earnings": null, "ebit": null, "current_assets": null, "current_liabilities": null, "current_valuation": null, "expected_future_valuation": null, "years_to_future_valuation": null, "current_revenue": null, "previous_revenue": null, "investment_flow": null, "financing_flow": null, "reporting_period": null, "funding_ask": "4000000.00", "funding_usage": null, "source_deck": 4, "team_strength": "", "market_position": "", "brand_reputation": "", "confidence_percentage": 50, "created_at": "2025-12-11T01:56:18.917Z", "updated_at": "2025-12-11T01:56:18.917Z"}}, {"model": "core.startup", "pk": 10, "fields": {"owner": 2, "company_name": "HydroTrack", "industry": "—", "company_description": "Smart monitoring for safer, cleaner water systems.", "data_source_confidence": "Medium", "is_deck_builder": true, "revenue": null, "net_income": null, "total_assets": null, "total_liabilities": null, "shareholder_equity": null, "cash_flow": null, "time_between_periods": null, "retained_earnings": null, "ebit": null, "current_assets": null, "current_liabilities": null, "current_valuation": null, "expected_future_valuation": null, "years_to_future_valuation": null, "current_revenue": null, "previous_revenue": null, "investment_flow": null, "financing_flow": null, "reporting_period": null, "funding_ask": "7000000.00", "funding_usage": null, "source_deck": 5, "team_strength": "", "market_position": "", "brand_reputation": "", "confidence_percentage": 50, "created_at": "2025-12-11T01:57:22.633Z", "updated_at": "2025-12-11T01:57:22.633Z"}}, {"model": "core.startup", "pk": 11, "fields": {"owner": 3, "company_name": "TreeTrace", "industry": "—", "company_description": "Stop Guessing. Start Knowing. Secure Your Family's Story and Health", "data_source_confidence": "Medium", "is_deck_builder": true, "revenue": null, "net_income": null, "total_assets": null, "total_liabilities": null, "shareholder_equity": null, "cash_flow": null, "time_between_periods": null, "retained_earnings": null, "ebit": null, "current_assets": null, "current_liabilities": null, "current_valuation": null, "expected_future_valuation": null, "years_to_future_valuation": null, "current_revenue": null, "previous_revenue": null, "investment_flow": null, "financing_flow": null, "reporting_period": null, "funding_ask": "100000.00", "funding_usage": null, "source_deck": 6, "team_strength": "", "market_position": "", "brand_reputation": "", "confidence_percentage": 50, "created_at": "2025-12-11T03:06:09.732Z", "updated_at": "2025-12-11T03:06:09.732Z"}}, {"model": "core.startup", "pk": 12, "fields": {"owner": 4, "company_name": "Foodly", "industry": "—", "company_description": "Watch and eat", "data_source_confidence": "Medium", "is_deck_builder": true, "revenue": null, "net_income": null, "total_assets": null, "total_liabilities": null, "shareholder_equity": null, "cash_flow": null, "time_between_periods": null, "retained_earnings": null, "ebit": null, "current_assets": null, "current_liabilities": null, "current_valuation": null, "expected_future_valuation": null, "years_to_future_valuation": null, "current_revenue": null, "previous_revenue": null, "investment_flow": null, "financing_flow": null, "reporting_period": null, "funding_ask": "500000.00", "funding_usage": null, "source_deck": 7, "team_strength": "", "market_position": "", "brand_reputation": "", "confidence_percentage": 50, "created_at": "2025-12-11T12:31:52.377Z", "updated_at": "2025-12-11T12:31:52.377Z"}}, {"model": "core.startup", "pk": 13, "fields": {"owner": 5, "company_name": "LaunchUp", "industry": "—", "company_description": "Wisteria in bloom, where do you grow off to", "data_source_confidence": "Medium", "is_deck_builder": true, "revenue": null, "net_income": null, "total_assets": null, "total_liabilities": null, "shareholder_equity": null, "cash_flow": null, "time_between_periods": null, "retained_earnings": null, "ebit": null, "current_assets": null, "current_liabilities": null, "current_valuation": null, "expected_future_valuation": null, "years_to_future_valuation": null, "current_revenue": null, "previous_revenue": null, "investment_flow": null, "financing_flow": null, "reporting_period": null, "funding_ask": "200000.00", "funding_usage": null, "source_deck": 8, "team_strength": "", "market_position": "", "brand_reputation": "", "confidence_percentage": 50, "created_at": "2025-12-11T13:29:27.196Z", "updated_at": "2025-12-11T13:29:27.196Z"}}, {"model": "core.startup", "pk": 14, "fields": {"owner": 7, "company_name": "Testing", "industry": "Technology", "company_description": "Test", "data_source_confidence": "Low", "is_deck_builder": false, "revenue": null, "net_income": null, "total_assets": null, "total_liabilities": null, "shareholder_equity": null, "cash_flow": null, "time_between_periods": null, "retained_earnings": null, "ebit": null, "current_assets": null, "current_liabilities": null, "current_valuation": null, "expected_future_valuation": null, "years_to_future_valuation": null, "current_revenue": null, "previous_revenue": null, "investment_flow": null, "financing_flow": null, "reporting_period": null, "funding_ask": null, "funding_usage": null, "source_deck": null, "team_strength": "", "market_position": "", "brand_reputation": "", "confidence_percentage": 17, "created_at": "2025-12-12T08:00:08.087Z", "updated_at": "2025-12-12T08:00:34.681Z"}}, {"model": "core.startup", "pk": 15, "fields": {"owner": 14, "company_name": "sample for sim", "industry": "Finance", "company_description": "sample", "data_source_confidence": "High", "is_deck_builder": false, "revenue": "1.00", "net_income": "1.00", "total_assets": "100000.00", "total_liabilities": "50000.00", "shareholder_equity": "50000.00", "cash_flow": "1000.00", "time_between_periods": "1.00", "retained_earnings": "10000.00", "ebit": "1.00", "current_assets": "100000.00", "current_liabilities": "20000.00", "current_valuation": "20000.00", "expected_future_valuation": "40000.00", "years_to_future_valuation": "0.20", "current_revenue": "1.00", "previous_revenue": "1.00", "investment_flow": null, "financing_flow": null, "reporting_period": null, "funding_ask": null, "funding_usage": null, "source_deck": null, "team_strength": "sample", "market_position": "sample", "brand_reputation": "sample", "confidence_percentage": 100, "created_at": "2026-01-03T08:57:16.945Z", "updated_at": "2026-01-03T08:57:16.945Z"}}, {"model": "core.startup", "pk": 16, "fields": {"owner": 14, "company_name": "sample", "industry": "—", "company_description": "sample", "data_source_confidence": "Medium", "is_deck_builder": true, "revenue": null, "net_income": null, "total_assets": null, "total_liabilities": null, "shareholder_equity": null, "cash_flow": null, "time_between_periods": null, "retained_earnings": null, "ebit": null, "current_assets": null, "current_liabilities": null, "current_valuation": null, "expected_future_valuation": null, "years_to_future_valuation": null, "current_revenue": null, "previous_revenue": null, "investment_flow": null, "financing_flow": null, "reporting_period": null, "funding_ask": "20000.00", "funding_usage": null, "source_deck": 14, "team_strength": "", "market_position": "", "brand_reputation": "", "confidence_percentage": 50, "created_at": "2026-01-03T08:58:58.814Z", "updated_at": "2026-01-03T08:58:58.814Z"}}, {"model": "core.startupview", "pk": 1, "fields": {"user": 1, "startup": 1, "viewed_at": "2025-12-11T01:37:06.678Z", "ip_address": "113.19.181.131"}}, {"model": "core.startupview", "pk": 2, "fields": {"user": 1, "startup": 10, "viewed_at": "2025-12-11T01:57:34.066Z", "ip_address": "113.19.181.131"}}, {"model": "core.startupview", "pk": 3, "fields": {"user": 1, "startup": 10, "viewed_at": "2025-12-11T02:03:35.686Z", "ip_address": "113.19.181.131"}}, {"model": "core.startupview", "pk": 4, "fields": {"user": 1, "startup": 3, "viewed_at": "2025-12-11T02:05:45.959Z", "ip_address": "113.19.181.131"}}, {"model": "core.startupview", "pk": 5, "fields": {"user": 1, "startup": 5, "viewed_at": "2025-12-11T02:05:57.876Z", "ip_address": "113.19.181.131"}}, {"model": "core.startupview", "pk": 6, "fields": {"user": 1, "startup": 4, "viewed_at": "2025-12-11T02:06:04.806Z", "ip_address": "113.19.181.131"}}, {"model": "core.startupview", "pk": 7, "fields": {"user": 1, "startup": 2, "viewed_at": "2025-12-11T02:06:10.447Z", "ip_address": "113.19.181.131"}}, {"model": "core.startupview", "pk": 8, "fields": {"user": 1, "startup": 10, "viewed_at": "2025-12-11T02:07:22.643Z", "ip_address": "113.19.181.131"}}, {"model": "core.startupview", "pk": 9, "fields": {"user": 1, "startup": 10, "viewed_at": "2025-12-11T02:23:09.451Z", "ip_address": "113.19.181.131"}}, {"model": "core.startupview", "pk": 10, "fields": {"user": 1, "startup": 10, "viewed_at": "2025-12-11T02:33:21.705Z", "ip_address": "113.19.181.131"}}, {"model": "core.startupview", "pk": 11, "fields": {"user": 1, "startup": 5, "viewed_at": "2025-12-11T02:33:45.223Z", "ip_address": "113.19.181.131"}}, {"model": "core.startupview", "pk": 12, "fields": {"user": 1, "startup": 5, "viewed_at": "2025-12-11T02:40:49.438Z", "ip_address": "113.19.181.131"}}, {"model": "core.startupview", "pk": 13, "fields": {"user": 1, "startup": 3, "viewed_at": "2025-12-11T02:40:58.640Z", "ip_address": "113.19.181.131"}}, {"model": "core.startupview", "pk": 14, "fields": {"user": 1, "startup": 11, "viewed_at": "2025-12-11T13:05:04.001Z", "ip_address": "113.19.181.131"}}, {"model": "core.startupview", "pk": 15, "fields": {"user": 1, "startup": 12, "viewed_at": "2025-12-11T13:05:43.702Z", "ip_address": "113.19.181.131"}}, {"model": "core.startupview", "pk": 16, "fields": {"user": 1, "startup": 11, "viewed_at": "2025-12-11T13:10:01.101Z", "ip_address": "113.19.181.131"}}, {"model": "core.startupview", "pk": 17, "fields": {"user": 1, "startup": 3, "viewed_at": "2025-12-11T13:11:59.508Z", "ip_address": "113.19.181.131"}}, {"model": "core.startupview", "pk": 18, "fields": {"user": 1, "startup": 4, "viewed_at": "2025-12-11T13:12:42.767Z", "ip_address": "113.19.181.131"}}, {"model": "core.startupview", "pk": 19, "fields": {"user": 1, "startup": 11, "viewed_at": "2025-12-11T13:15:32.734Z", "ip_address": "113.19.181.131"}}, {"model": "core.startupview", "pk": 20, "fields": {"user": 1, "startup": 1, "viewed_at": "2025-12-11T13:17:05.819Z", "ip_address": "113.19.181.131"}}, {"model": "core.startupview", "pk": 21, "fields": {"user": 1, "startup": 2, "viewed_at": "2025-12-11T13:17:16.384Z", "ip_address": "113.19.181.131"}}, {"model": "core.startupview", "pk": 22, "fields": {"user": 1, "startup": 6, "viewed_at": "2025-12-11T13:17:58.391Z", "ip_address": "113.19.181.131"}}, {"model": "core.startupview", "pk": 23, "fields": {"user": 1, "startup": 8, "viewed_at": "2025-12-11T13:29:33.558Z", "ip_address": "113.19.181.131"}}, {"model": "core.startupview", "pk": 24, "fields": {"user": 1, "startup": 11, "viewed_at": "2025-12-11T13:29:49.872Z", "ip_address": "113.19.181.131"}}, {"model": "core.startupview", "pk": 25, "fields": {"user": 1, "startup": 12, "viewed_at": "2025-12-11T13:34:14.144Z", "ip_address": "113.19.181.131"}}, {"model": "core.startupview", "pk": 26, "fields": {"user": 1, "startup": 4, "viewed_at": "2025-12-11T14:07:11.948Z", "ip_address": "113.19.181.131"}}, {"model": "core.startupview", "pk": 27, "fields": {"user": 1, "startup": 4, "viewed_at": "2025-12-11T15:37:22.421Z", "ip_address": "113.19.181.131"}}, {"model": "core.startupview", "pk": 28, "fields": {"user": 1, "startup": 1, "viewed_at": "2025-12-11T15:38:11.007Z", "ip_address": "113.19.181.131"}}, {"model": "core.startupview", "pk": 29, "fields": {"user": 1, "startup": 5, "viewed_at": "2025-12-11T15:38:19.022Z", "ip_address": "113.19.181.131"}}, {"model": "core.startupview", "pk": 30, "fields": {"user": 1, "startup": 3, "viewed_at": "2025-12-11T15:38:38.728Z", "ip_address": "113.19.181.131"}}, {"model": "core.startupview", "pk": 31, "fields": {"user": 1, "startup": 10, "viewed_at": "2025-12-11T15:44:16.409Z", "ip_address": "113.19.181.131"}}, {"model": "core.startupview", "pk": 32, "fields": {"user": 1, "startup": 11, "viewed_at": "2025-12-11T15:44:30.473Z", "ip_address": "113.19.181.131"}}, {"model": "core.startupview", "pk": 33, "fields": {"user": 1, "startup": 12, "viewed_at": "2025-12-11T15:45:12.507Z", "ip_address": "113.19.181.131"}}, {"model": "core.startupview", "pk": 34, "fields": {"user": 1, "startup": 13, "viewed_at": "2025-12-11T15:52:24.804Z", "ip_address": "113.19.181.131"}}, {"model": "core.startupview", "pk": 35, "fields": {"user": 1, "startup": 13, "viewed_at": "2025-12-11T15:52:41.010Z", "ip_address": "113.19.181.131"}}, {"model": "core.startupview", "pk": 36, "fields": {"user": 1, "startup": 9, "viewed_at": "2025-12-11T15:53:08.060Z", "ip_address": "113.19.181.131"}}, {"model": "core.startupview", "pk": 37, "fields": {"user": 6, "startup": 4, "viewed_at": "2025-12-12T00:02:21.519Z", "ip_address": "180.190.55.129"}}, {"model": "core.startupview", "pk": 38, "fields": {"user": 6, "startup": 5, "viewed_at": "2025-12-12T00:20:04.653Z", "ip_address": "180.190.55.129"}}, {"model": "core.startupview", "pk": 39, "fields": {"user": 6, "startup": 13, "viewed_at": "2025-12-12T00:20:21.696Z", "ip_address": "180.190.55.129"}}, {"model": "core.startupview", "pk": 40, "fields": {"user": 6, "startup": 12, "viewed_at": "2025-12-12T00:21:25.954Z", "ip_address": "180.190.55.129"}}, {"model": "core.startupview", "pk": 41, "fields": {"user": 6, "startup": 4, "viewed_at": "2025-12-12T00:21:43.629Z", "ip_address": "180.190.55.129"}}, {"model": "core.startupview", "pk": 42, "fields": {"user": 1, "startup": 14, "viewed_at": "2025-12-12T14:35:31.371Z", "ip_address": "113.19.181.131"}}, {"model": "core.startupview", "pk": 43, "fields": {"user": 1, "startup": 1, "viewed_at": "2025-12-12T14:37:17.143Z", "ip_address": "113.19.181.131"}}, {"model": "core.startupview", "pk": 44, "fields": {"user": 1, "startup": 2, "viewed_at": "2025-12-12T14:37:24.662Z", "ip_address": "113.19.181.131"}}, {"model": "core.startupview", "pk": 45, "fields": {"user": 1, "startup": 4, "viewed_at": "2025-12-12T14:37:50.903Z", "ip_address": "113.19.181.131"}}, {"model": "core.startupview", "pk": 46, "fields": {"user": 1, "startup": 13, "viewed_at": "2025-12-12T14:44:57.432Z", "ip_address": "113.19.181.131"}}, {"model": "core.startupview", "pk": 47, "fields": {"user": 1, "startup": 10, "viewed_at": "2025-12-12T14:45:09.915Z", "ip_address": "113.19.181.131"}}, {"model": "core.startupview", "pk": 48, "fields": {"user": 1, "startup": 4, "viewed_at": "2025-12-12T14:53:00.510Z", "ip_address": "113.19.181.131"}}, {"model": "core.startupview", "pk": 49, "fields": {"user": 1, "startup": 1, "viewed_at": "2025-12-12T14:53:32.581Z", "ip_address": "113.19.181.131"}}, {"model": "core.startupview", "pk": 50, "fields": {"user": 1, "startup": 2, "viewed_at": "2025-12-12T14:53:32.614Z", "ip_address": "113.19.181.131"}}, {"model": "core.startupview", "pk": 51, "fields": {"user": 1, "startup": 6, "viewed_at": "2025-12-12T14:54:19.472Z", "ip_address": "113.19.181.131"}}, {"model": "core.startupview", "pk": 52, "fields": {"user": 1, "startup": 10, "viewed_at": "2025-12-12T14:58:34.492Z", "ip_address": "113.19.181.131"}}, {"model": "core.startupview", "pk": 53, "fields": {"user": 1, "startup": 11, "viewed_at": "2025-12-13T03:53:11.107Z", "ip_address": "175.158.241.5"}}, {"model": "core.startupview", "pk": 54, "fields": {"user": 1, "startup": 11, "viewed_at": "2025-12-13T03:54:28.156Z", "ip_address": "175.158.241.5"}}, {"model": "core.startupview", "pk": 55, "fields": {"user": 14, "startup": 14, "viewed_at": "2025-12-16T05:48:55.797Z", "ip_address": "112.208.75.79"}}, {"model": "core.startupview", "pk": 56, "fields": {"user": 14, "startup": 5, "viewed_at": "2025-12-16T05:48:55.886Z", "ip_address": "112.208.75.79"}}, {"model": "core.startupview", "pk": 57, "fields": {"user": 14, "startup": 2, "viewed_at": "2025-12-16T05:49:12.665Z", "ip_address": "112.208.75.79"}}, {"model": "core.startupview", "pk": 58, "fields": {"user": 14, "startup": 2, "viewed_at": "2025-12-16T05:54:32.410Z", "ip_address": "112.208.75.79"}}, {"model": "core.startupview", "pk": 59, "fields": {"user": 14, "startup": 5, "viewed_at": "2025-12-16T05:54:32.437Z", "ip_address": "112.208.75.79"}}, {"model": "core.startupview", "pk": 60, "fields": {"user": 15, "startup": 10, "viewed_at": "2025-12-18T01:37:10.342Z", "ip_address": "222.127.133.6"}}, {"model": "core.startupview", "pk": 61, "fields": {"user": 15, "startup": 5, "viewed_at": "2025-12-18T01:38:37.753Z", "ip_address": "222.127.133.6"}}, {"model": "core.startupview", "pk": 62, "fields": {"user": 8, "startup": 6, "viewed_at": "2025-12-28T06:35:23.144Z", "ip_address": "180.190.22.68"}}, {"model": "core.startupview", "pk": 63, "fields": {"user": 8, "startup": 6, "viewed_at": "2025-12-28T06:36:00.106Z", "ip_address": "180.190.22.68"}}, {"model": "core.startupview", "pk": 64, "fields": {"user": 8, "startup": 6, "viewed_at": "2025-12-28T06:45:10.387Z", "ip_address": "180.190.22.68"}}, {"model": "core.startupview", "pk": 65, "fields": {"user": 8, "startup": 1, "viewed_at": "2025-12-28T06:45:35.560Z", "ip_address": "180.190.22.68"}}, {"model": "core.startupview", "pk": 66, "fields": {"user": 8, "startup": 3, "viewed_at": "2025-12-28T06:45:35.989Z", "ip_address": "180.190.22.68"}}, {"model": "core.startupview", "pk": 67, "fields": {"user": 8, "startup": 12, "viewed_at": "2025-12-28T07:14:57.687Z", "ip_address": "180.190.22.68"}}, {"model": "core.startupview", "pk": 68, "fields": {"user": 17, "startup": 15, "viewed_at": "2026-01-03T09:02:32.219Z", "ip_address": "122.2.183.61"}}, {"model": "core.startupview", "pk": 69, "fields": {"user": 17, "startup": 15, "viewed_at": "2026-01-03T09:23:34.638Z", "ip_address": "49.145.98.221"}}, {"model": "core.startupcomparison", "pk": 1, "fields": {"user": 1, "startup": 1, "compared_at": "2025-12-12T14:53:29.782Z", "comparison_set_id": "fe8d5341-76ea-460d-aa27-53a7c39eb3d6"}}, {"model": "core.startupcomparison", "pk": 2, "fields": {"user": 1, "startup": 4, "compared_at": "2025-12-12T14:53:29.785Z", "comparison_set_id": "fe8d5341-76ea-460d-aa27-53a7c39eb3d6"}}, {"model": "core.startupcomparison", "pk": 3, "fields": {"user": 1, "startup": 2, "compared_at": "2025-12-12T14:53:29.788Z", "comparison_set_id": "fe8d5341-76ea-460d-aa27-53a7c39eb3d6"}}, {"model": "core.startupcomparison", "pk": 4, "fields": {"user": 14, "startup": 14, "compared_at": "2025-12-16T05:48:54.938Z", "comparison_set_id": "0b83ca50-2290-4f99-b327-7c3644222d23"}}, {"model": "core.startupcomparison", "pk": 5, "fields": {"user": 14, "startup": 5, "compared_at": "2025-12-16T05:48:54.941Z", "comparison_set_id": "0b83ca50-2290-4f99-b327-7c3644222d23"}}, {"model": "core.startupcomparison", "pk": 6, "fields": {"user": 14, "startup": 5, "compared_at": "2025-12-16T05:49:11.795Z", "comparison_set_id": "67575125-cb94-43c4-9828-85f024cb3878"}}, {"model": "core.startupcomparison", "pk": 7, "fields": {"user": 14, "startup": 2, "compared_at": "2025-12-16T05:49:11.797Z", "comparison_set_id": "67575125-cb94-43c4-9828-85f024cb3878"}}, {"model": "core.startupcomparison", "pk": 8, "fields": {"user": 8, "startup": 3, "compared_at": "2025-12-28T06:45:32.306Z", "comparison_set_id": "e57e0a5e-a96e-4d42-9623-88466abc126a"}}, {"model": "core.startupcomparison", "pk": 9, "fields": {"user": 8, "startup": 1, "compared_at": "2025-12-28T06:45:32.309Z", "comparison_set_id": "e57e0a5e-a96e-4d42-9623-88466abc126a"}}]